{"_class":"document","do_objectID":"E10D2033-3E9C-423B-B2C8-7A8DEF84A469","assets":{"_class":"assetCollection","colors":[{"_class":"color","alpha":1,"blue":0.448764979839325,"green":0.7629539966583252,"red":1},{"_class":"color","alpha":1,"blue":0.4352941176470588,"green":0.6705882352941176,"red":0.996078431372549},{"_class":"color","alpha":1,"blue":1,"green":0.6235294117647059,"red":0.2509803921568627},{"_class":"color","alpha":1,"blue":0.8554421768707483,"green":0.8262030329742559,"red":0.7972684634933519},{"_class":"color","alpha":1,"blue":0.21875,"green":0.1721413352272727,"red":0.1822398792613636},{"_class":"color","alpha":1,"blue":0.3513499149659864,"green":0.2570036457779726,"red":0.2774453374353756}],"gradients":[],"imageCollection":{"_class":"imageCollection","images":{}},"images":[]},"colorSpace":0,"currentPageIndex":0,"enableLayerInteraction":true,"enableSliceInteraction":true,"foreignSymbols":[],"layerStyles":{"_class":"sharedStyleContainer","objects":[{"_class":"sharedStyle","do_objectID":"3E3E9D0C-139B-472E-BEF2-FECDB62BD7D4","name":"Shadow","value":{"_class":"style","endDecorationType":0,"fills":[{"_class":"fill","isEnabled":true,"color":{"_class":"color","alpha":1,"blue":1,"green":1,"red":1},"fillType":0,"noiseIndex":0,"noiseIntensity":0,"patternFillType":0,"patternTileScale":1}],"miterLimit":10,"shadows":[{"_class":"shadow","isEnabled":true,"blurRadius":20,"color":{"_class":"color","alpha":0.3,"blue":0,"green":0,"red":0},"contextSettings":{"_class":"graphicsContextSettings","blendMode":0,"opacity":1},"offsetX":0,"offsetY":10,"spread":0}],"sharedObjectID":"3E3E9D0C-139B-472E-BEF2-FECDB62BD7D4","startDecorationType":0}}]},"layerSymbols":{"_class":"symbolContainer","objects":[]},"layerTextStyles":{"_class":"sharedTextStyleContainer","objects":[]},"pages":[{"_class":"MSJSONFileReference","_ref_class":"MSImmutablePage","_ref":"pages\/180CEBE5-D251-4A65-8DD9-6548A4D9AFEB"}],"userInfo":{"com.invisionlabs.sync":{"metadata":"{\"hasSynced\":0,\"hasProjectIdChanged\":0,\"projectId\":0,\"publicLink\":\"\",\"resolution\":2,\"syncAll\":1}"}}}