{"commit":"80ddf8a336f285dfa2b96d05e69dba5714b6f0c4","pagesAndArtboards":{"180CEBE5-D251-4A65-8DD9-6548A4D9AFEB":{"name":"Daily UI","artboards":{"79DBC946-1093-49A1-92D5-414AAA5D9315":{"name":"#1 - Sign up "},"814FBE8C-3ACD-4A94-88CD-21E3835EC680":{"name":"#1 -  Login"}}}},"version":95,"fonts":["SFProText-Regular","SFProText-Semibold","SFProDisplay-Semibold"],"compatibilityVersion":93,"app":"com.bohemiancoding.sketch3","autosaved":0,"variant":"NONAPPSTORE","created":{"commit":"80ddf8a336f285dfa2b96d05e69dba5714b6f0c4","appVersion":"47","build":45396,"app":"com.bohemiancoding.sketch3","compatibilityVersion":93,"version":95,"variant":"NONAPPSTORE"},"saveHistory":["NONAPPSTORE.45396"],"appVersion":"47","build":45396}